publication_date,report_date,country,confirmed_cases,probable_cases,total_cases,confirmed_deaths,total_deaths,total_suspected_cases,new_deaths,new_cured,total_cured,new_suspected_cases,old_suspected_cases,confirmed_cases_change,probable_cases_change,total_cases_change,confirmed_deaths_change,total_deaths_change,total_suspected_cases_change,source
#date +event,#date +report,#adm0 +code,#affected +infected+confirmed,#affected +infected+probable,#affected +infected+total,#affected +killed+confirmed,#affected +killed+total,#affected +suspect+total,#affected +killed+new,#affected,#affected,#affected +infected+suspected+new,#affected +infected+suspected+old,#affected +infected+confirmed,#affected +infected+probable,#affected +infected+total,#affected +killed+confirmed,#affected +killed+total,#affected +suspect+total,#meta +source
2019-07-03,2019-07-02,COD,2275,94,2369,1504,1598,414,,,,,,15,0,15,12,12,12,https://mailchi.mp/sante.gouv.cd/ebola_kivu_03juil19
2019-07-02,2019-07-01,COD,2260,94,2354,1492,1586,402,,,,,,16,0,16,15,15,42,https://mailchi.mp/sante.gouv.cd/ebola_kivu_02juil19
2019-07-01,2019-06-30,COD,2244,94,2338,1477,1571,360,,,,,,13,0,13,8,8,51,https://mailchi.mp/sante.gouv.cd/ebola_kivu_01juil19
2019-06-30,2019-06-29,COD,2231,94,2325,1469,1563,309,,,,,,13,0,13,4,4,-51,https://mailchi.mp/sante.gouv.cd/ebola_kivu_30juin19
2019-06-29,2019-06-28,COD,2218,94,2312,1465,1559,360,,,,,,15,0,15,6,6,-4,https://mailchi.mp/sante.gouv.cd/ebola_kivu_29juin19
2019-06-28,2019-06-27,COD,2203,94,2297,1459,1553,364,,,,,,13,0,13,13,13,36,https://mailchi.mp/sante.gouv.cd/ebola_kivu_28juin19
2019-06-27,2019-06-26,COD,2190,94,2284,1446,1540,328,,,,,,7,0,7,9,9,-1,https://mailchi.mp/sante.gouv.cd/ebola_kivu_27juin19
2019-06-26,2019-06-25,COD,2183,94,2277,1437,1531,329,,,,,,12,0,12,9,9,33,https://mailchi.mp/sante.gouv.cd/ebola_kivu_26juin19
2019-06-25,2019-06-24,COD,2171,94,2265,1428,1522,296,,,,,,18,0,18,12,12,27,https://mailchi.mp/sante.gouv.cd/ebola_kivu_25juin19
2019-06-24,2019-06-23,COD,2153,94,2247,1416,1510,269,,,,,,8,0,8,4,4,-7,https://mailchi.mp/sante.gouv.cd/ebola_kivu_24juin19
2019-06-23,2019-06-22,COD,2145,94,2239,1412,1506,276,,,,,,13,0,13,9,9,-67,https://mailchi.mp/sante.gouv.cd/ebola_kivu_23juin19
2019-06-22,2019-06-21,COD,2132,94,2226,1403,1497,343,,,,,,15,0,15,8,8,-57,https://mailchi.mp/sante.gouv.cd/ebola_kivu_22juin19
2019-06-21,2019-06-20,COD,2117,94,2211,1395,1489,400,,,,,,7,0,7,10,10,51,https://mailchi.mp/sante.gouv.cd/ebola_kivu_21juin19
2019-06-20,2019-06-19,COD,2110,94,2204,1385,1479,349,,,,,,14,0,14,9,9,24,https://mailchi.mp/sante.gouv.cd/ebola_kivu_20juin19
2019-06-19,2019-06-18,COD,2096,94,2190,1376,1470,325,,,,,,9,0,9,11,11,3,https://mailchi.mp/sante.gouv.cd/ebola_kivu_19juin19
2019-06-18,2019-06-17,COD,2087,94,2181,1365,1459,322,,,,,,13,0,13,10,10,25,https://mailchi.mp/sante.gouv.cd/ebola_kivu_18juin19
2019-06-17,2019-06-16,COD,2074,94,2168,1355,1449,297,,,,,,20,0,20,9,9,-22,https://mailchi.mp/sante.gouv.cd/ebola_kivu_17juin19
2019-06-16,2019-06-15,COD,2054,94,2148,1346,1440,319,,,,,,14,0,14,13,13,-44,https://mailchi.mp/sante.gouv.cd/ebola_kivu_16juin19
2019-06-15,2019-06-14,COD,2040,94,2134,1333,1427,363,,,,,,14,0,14,7,7,41,https://mailchi.mp/sante.gouv.cd/ebola_kivu_15juin19
2019-06-14,2019-06-13,COD,2026,94,2120,1326,1420,322,,,,,,12,0,12,9,9,-13,https://mailchi.mp/sante.gouv.cd/ebola_kivu_14juin19
2019-06-13,2019-06-12,COD,2014,94,2108,1317,1411,335,,,,,,24,0,24,6,6,-4,https://mailchi.mp/sante.gouv.cd/ebola_kivu_13juin19
2019-06-12,2019-06-11,COD,1990,94,2084,1311,1405,339,,,,,,13,0,13,9,9,55,https://mailchi.mp/sante.gouv.cd/ebola_kivu_12juin19
2019-06-11,2019-06-10,COD,1977,94,2071,1302,1396,284,,,,,,9,0,9,6,6,4,https://mailchi.mp/sante.gouv.cd/ebola_kivu_11juin19
2019-06-10,2019-06-09,COD,1968,94,2062,1296,1390,280,,,,,,6,0,6,6,6,9,https://mailchi.mp/sante.gouv.cd/ebola_kivu_10juin19
2019-06-09,2019-06-08,COD,1962,94,2056,1290,1384,271,,,,,,9,0,9,3,3,-2,https://mailchi.mp/sante.gouv.cd/ebola_kivu_09juin19
2019-06-08,2019-06-07,COD,1953,94,2047,1287,1381,273,,,,,,8,0,8,8,8,-10,https://mailchi.mp/sante.gouv.cd/ebola_kivu_08juin19
2019-06-07,2019-06-06,COD,1945,94,2039,1279,1373,283,,,,,,8,0,8,6,6,-10,https://mailchi.mp/sante.gouv.cd/ebola_kivu_07juin19
2019-06-06,2019-06-05,COD,1937,94,2031,1273,1367,293,,,,,,6,0,6,10,10,-2,https://mailchi.mp/sante.gouv.cd/ebola_kivu_06juin19
2019-06-05,2019-06-04,COD,1931,94,2025,1263,1357,295,,,,,,5,0,5,3,3,-10,https://mailchi.mp/sante.gouv.cd/ebola_kivu_05juin19
2019-06-04,2019-06-03,COD,1926,94,2020,1260,1354,305,,,,,,12,0,12,8,8,24,https://mailchi.mp/sante.gouv.cd/ebola_kivu_04juin19
2019-06-03,2019-06-02,COD,1914,94,2008,1252,1346,281,,,,,,14,0,14,7,7,-44,https://mailchi.mp/sante.gouv.cd/ebola_kivu_03juin19
2019-06-02,2019-06-01,COD,1900,94,1994,1245,1339,325,,,,,,20,0,20,16,16,-3,https://mailchi.mp/sante.gouv.cd/ebola_kivu_02juin19
2019-06-01,2019-05-31,COD,1880,94,1974,1229,1323,328,,,,,,0,0,0,0,0,0,https://mailchi.mp/sante.gouv.cd/ebola_kivu_01juin19
2019-05-31,2019-05-30,COD,1880,94,1974,1229,1323,328,,,,,,20,0,20,11,11,-14,https://mailchi.mp/sante.gouv.cd/ebola_kivu_31mai19
2019-05-30,2019-05-29,COD,1860,94,1954,1218,1312,342,,,,,,9,0,9,10,10,45,https://mailchi.mp/sante.gouv.cd/ebola_kivu_30mai19
2019-05-29,2019-05-28,COD,1851,94,1945,1208,1302,297,,,,,,19,0,19,15,15,-86,https://mailchi.mp/sante.gouv.cd/ebola_kivu_29mai19
2019-05-28,2019-05-27,COD,1832,94,1926,1193,1287,383,,,,,,6,0,6,6,6,131,https://mailchi.mp/sante.gouv.cd/ebola_kivu_28mai19
2019-05-27,2019-05-26,COD,1826,94,1920,1187,1281,252,,,,,,8,0,8,4,4,-25,https://mailchi.mp/sante.gouv.cd/ebola_kivu_27mai19
2019-05-26,2019-05-25,COD,1818,94,1912,1183,1277,277,,,,,,9,6,9,7,7,-10,https://mailchi.mp/sante.gouv.cd/ebola_kivu_26mai19
2019-05-25,2019-05-24,COD,1809,88,1903,1176,1270,287,,,,,,9,0,15,10,16,-56,https://mailchi.mp/sante.gouv.cd/ebola_kivu_25mai19
2019-05-24,2019-05-23,COD,1800,88,1888,1166,1254,343,,,,,,11,0,11,6,6,45,https://mailchi.mp/sante.gouv.cd/ebola_kivu_24mai19
2019-05-23,2019-05-22,COD,1789,88,1877,1160,1248,298,,,,,,11,0,11,7,7,-9,https://mailchi.mp/sante.gouv.cd/ebola_kivu_23mai19
2019-05-22,2019-05-21,COD,1778,88,1866,1153,1241,307,,,,,,19,0,19,18,18,15,https://mailchi.mp/sante.gouv.cd/ebola_kivu_22mai19
2019-05-21,2019-05-20,COD,1759,88,1847,1135,1223,292,,,,,,21,0,21,5,5,47,https://mailchi.mp/sante.gouv.cd/ebola_kivu_21mai19
2019-05-20,2019-05-19,COD,1738,88,1826,1130,1218,245,,,,,,10,0,10,9,9,-46,https://mailchi.mp/sante.gouv.cd/ebola_kivu_20mai19
2019-05-19,2019-05-18,COD,1728,88,1816,1121,1209,291,,,,,,15,0,15,11,11,6,https://mailchi.mp/sante.gouv.cd/ebola_kivu_19mai19
2019-05-18,2019-05-17,COD,1713,88,1801,1110,1198,285,,,,,,24,0,24,21,21,-48,https://mailchi.mp/sante.gouv.cd/ebola_kivu_18mai19
2019-05-17,2019-05-16,COD,1689,88,1777,1089,1177,333,,,,,,17,0,17,16,16,23,https://mailchi.mp/sante.gouv.cd/ebola_kivu_17mai19
2019-05-16,2019-05-15,COD,1672,88,1760,1073,1161,310,,,,,,21,0,21,14,14,-22,https://mailchi.mp/sante.gouv.cd/ebola_kivu_16mai19
2019-05-15,2019-05-14,COD,1651,88,1739,1059,1147,332,,,,,,19,0,19,11,11,39,https://mailchi.mp/sante.gouv.cd/ebola_kivu_15mai19
2019-05-14,2019-05-13,COD,1632,88,1720,1048,1136,293,,,,,,15,0,15,12,12,42,https://mailchi.mp/sante.gouv.cd/ebola_kivu_14mai19
2019-05-13,2019-05-12,COD,1617,88,1705,1036,1124,251,,,,,,25,0,25,7,7,-17,https://mailchi.mp/sante.gouv.cd/ebola_kivu_13mai19
2019-05-12,2019-05-11,COD,1592,88,1680,1029,1117,268,,,,,,18,0,18,5,5,-57,https://mailchi.mp/sante.gouv.cd/ebola_kivu_12mai19
2019-05-11,2019-05-10,COD,1574,88,1662,1024,1112,325,,,,,,13,0,13,7,7,15,https://mailchi.mp/sante.gouv.cd/ebola_kivu_11mai19
2019-05-10,2019-05-09,COD,1561,88,1649,1017,1105,310,,,,,,23,22,45,9,31,46,https://mailchi.mp/sante.gouv.cd/ebola_kivu_10mai19
2019-05-09,2019-05-08,COD,1538,66,1604,1008,1074,264,,,,,,4,0,4,5,5,-3,https://mailchi.mp/sante.gouv.cd/ebola_kivu_9mai19
2019-05-08,2019-05-07,COD,1534,66,1600,1003,1069,267,,,,,,15,0,15,14,14,16,https://mailchi.mp/sante.gouv.cd/ebola_kivu_8mai19
2019-05-07,2019-05-06,COD,1519,66,1585,989,1055,251,,,,,,13,0,13,10,10,58,https://mailchi.mp/sante.gouv.cd/ebola_kivu_7mai19
2019-05-06,2019-05-05,COD,1506,66,1572,979,1045,193,,,,,,18,0,18,16,16,-20,https://mailchi.mp/sante.gouv.cd/ebola_kivu_6mai19
2019-05-05,2019-05-04,COD,1488,66,1554,963,1029,213,,,,,,9,0,9,10,10,213,https://mailchi.mp/sante.gouv.cd/ebola_kivu_5mai19
2019-05-04,2019-05-03,COD,1479,66,1545,953,1019,0,,,,,,16,0,16,11,11,-270,https://mailchi.mp/sante.gouv.cd/ebola_kivu_4mai19
2019-05-03,2019-05-02,COD,1463,66,1529,942,1008,270,,,,,,19,0,19,14,14,-16,https://mailchi.mp/sante.gouv.cd/ebola_kivu_3mai19
2019-05-02,2019-05-01,COD,1444,66,1510,928,994,286,,,,,,15,0,15,10,10,-20,https://mailchi.mp/sante.gouv.cd/ebola_kivu_2mai19
2019-05-01,2019-04-30,COD,1429,66,1495,918,984,306,,,,,,15,0,15,14,14,27,https://mailchi.mp/sante.gouv.cd/ebola_kivu_1mai19
2019-04-30,2019-04-29,COD,1414,66,1480,904,970,279,,,,,,14,0,14,13,13,40,https://mailchi.mp/sante.gouv.cd/ebola_kivu_30avr19
2019-04-29,2019-04-28,COD,1400,66,1466,891,957,239,,,,,,27,0,27,26,26,-24,https://mailchi.mp/sante.gouv.cd/ebola_kivu_29avr19
2019-04-28,2019-04-27,COD,1373,66,1439,865,931,263,,,,,,22,0,22,17,17,29,https://mailchi.mp/sante.gouv.cd/ebola_kivu_28avr19
2019-04-27,2019-04-26,COD,1351,66,1417,848,914,234,,,,,,21,0,21,14,14,-26,https://mailchi.mp/sante.gouv.cd/ebola_kivu_27avr19
2019-04-26,2019-04-25,COD,1330,66,1396,834,900,260,,,,,,23,0,23,10,10,2,https://mailchi.mp/sante.gouv.cd/ebola_kivu_26avr19
2019-04-25,2019-04-24,COD,1307,66,1373,824,890,258,,,,,,6,0,6,5,5,-8,https://mailchi.mp/sante.gouv.cd/ebola_kivu_25avr19
2019-04-24,2019-04-23,COD,1301,66,1367,819,885,266,,,,,,14,0,14,5,5,198,https://mailchi.mp/sante.gouv.cd/ebola_kivu_24avr19
2019-04-23,2019-04-22,COD,1287,66,1353,814,880,68,,,,,,13,0,13,6,6,-37,https://mailchi.mp/sante.gouv.cd/ebola_kivu_23avr19
2019-04-22,2019-04-21,COD,1274,66,1340,808,874,105,,,,,,4,0,4,4,4,-2,https://mailchi.mp/sante.gouv.cd/ebola_kivu_22avr19
2019-04-21,2019-04-20,COD,1270,66,1336,804,870,107,,,,,,9,0,9,11,11,-143,https://mailchi.mp/sante.gouv.cd/ebola_kivu_21avr19
2019-04-20,2019-04-19,COD,1261,66,1327,793,859,250,,,,,,10,0,10,4,4,-43,https://mailchi.mp/sante.gouv.cd/ebola_kivu_20avr19
2019-04-19,2019-04-18,COD,1251,66,1317,789,855,293,,,,,,15,0,15,12,12,-32,https://mailchi.mp/sante.gouv.cd/ebola_kivu_19avr19
2019-04-18,2019-04-17,COD,1236,66,1302,777,843,325,,,,,,12,0,12,10,10,74,https://mailchi.mp/sante.gouv.cd/ebola_kivu_18avr19
2019-04-17,2019-04-16,COD,1224,66,1290,767,833,251,,,,,,17,0,17,12,12,-52,https://mailchi.mp/sante.gouv.cd/ebola_kivu_17avr19
2019-04-16,2019-04-15,COD,1207,66,1273,755,821,303,,,,,,9,0,9,7,7,72,https://mailchi.mp/sante.gouv.cd/ebola_kivu_16avr19
2019-04-15,2019-04-14,COD,1198,66,1264,748,814,231,,,,,,13,0,13,11,11,-59,https://mailchi.mp/sante.gouv.cd/ebola_kivu_15avr19
2019-04-14,2019-04-13,COD,1185,66,1251,737,803,290,,,,,,11,0,11,11,11,21,https://mailchi.mp/sante.gouv.cd/ebola_kivu_14avr19
2019-04-13,2019-04-12,COD,1174,66,1240,726,792,269,,,,,,20,0,20,20,20,-18,https://mailchi.mp/sante.gouv.cd/ebola_kivu_13avr19
2019-04-12,2019-04-11,COD,1154,66,1220,706,772,287,,,,,,14,0,14,8,8,41,https://mailchi.mp/sante.gouv.cd/ebola_kivu_12avr19
2019-04-11,2019-04-10,COD,1140,66,1206,698,764,246,,,,,,20,0,20,13,13,-70,https://mailchi.mp/sante.gouv.cd/ebola_kivu_11avr19
2019-04-10,2019-04-09,COD,1120,66,1186,685,751,316,,,,,,18,0,18,10,10,42,https://mailchi.mp/sante.gouv.cd/ebola_kivu_10avr19
2019-04-09,2019-04-08,COD,1102,66,1168,675,741,274,,,,,,14,0,14,10,10,26,https://mailchi.mp/sante.gouv.cd/ebola_kivu_9avr19
2019-04-08,2019-04-07,COD,1088,66,1154,665,731,248,,,,,,8,0,8,10,10,-55,https://mailchi.mp/sante.gouv.cd/ebola_kivu_8avr19
2019-04-07,2019-04-06,COD,1080,66,1146,655,721,303,,,,,,16,0,16,7,7,19,https://mailchi.mp/sante.gouv.cd/ebola_kivu_7avr19
2019-04-06,2019-04-05,COD,1064,66,1130,648,714,284,,,,,,13,0,13,12,12,-11,https://mailchi.mp/sante.gouv.cd/ebola_kivu_6avr19
2019-04-05,2019-04-04,COD,1051,66,1117,636,702,295,,,,,,10,0,10,7,7,6,https://mailchi.mp/sante.gouv.cd/ebola_kivu_5avr19
2019-04-04,2019-04-03,COD,1041,66,1107,629,695,289,,,,,,7,0,7,5,5,20,https://mailchi.mp/sante.gouv.cd/ebola_kivu_4avr19
2019-04-03,2019-04-02,COD,1034,66,1100,624,690,269,,,,,,8,0,8,7,7,-22,https://mailchi.mp/sante.gouv.cd/ebola_kivu_3avr19
2019-04-02,2019-04-01,COD,1026,66,1092,617,683,291,,,,,,3,0,3,4,4,111,https://mailchi.mp/sante.gouv.cd/ebola_kivu_2avr19
2019-04-01,2019-03-31,COD,1023,66,1089,613,679,180,,,,,,7,0,7,3,3,-99,https://mailchi.mp/sante.gouv.cd/ebola_kivu_1avr19
2019-03-31,2019-03-30,COD,1016,66,1082,610,676,279,,,,,,13,0,13,11,11,-14,https://mailchi.mp/sante.gouv.cd/ebola_kivu_31mar19
2019-03-30,2019-03-29,COD,1003,66,1069,599,665,293,,,,,,10,0,10,5,5,68,https://mailchi.mp/sante.gouv.cd/ebola_kivu_30mar19
2019-03-29,2019-03-28,COD,993,66,1059,594,660,225,,,,,,15,0,15,8,8,7,https://mailchi.mp/sante.gouv.cd/ebola_kivu_29mar19
2019-03-28,2019-03-27,COD,978,66,1044,586,652,218,,,,,,14,1,15,9,10,-21,https://mailchi.mp/sante.gouv.cd/ebola_kivu_28mar19
2019-03-27,2019-03-26,COD,964,65,1029,577,642,239,,,,,,7,0,7,3,3,78,https://mailchi.mp/sante.gouv.cd/ebola_kivu_27mar19
2019-03-26,2019-03-25,COD,957,65,1022,574,639,161,,,,,,6,0,6,5,5,-65,https://mailchi.mp/sante.gouv.cd/ebola_kivu_26mar19
2019-03-25,2019-03-24,COD,951,65,1016,569,634,226,,,,,,7,0,7,5,5,-14,https://mailchi.mp/sante.gouv.cd/ebola_kivu_25mar19
2019-03-24,2019-03-23,COD,944,65,1009,564,629,240,,,,,,10,0,10,4,4,20,https://mailchi.mp/sante.gouv.cd/ebola_kivu_24mar19
2019-03-23,2019-03-22,COD,934,65,999,560,625,220,,,,,,6,0,6,4,4,-11,https://mailchi.mp/sante.gouv.cd/ebola_kivu_23mar19
2019-03-22,2019-03-21,COD,928,65,993,556,621,231,,,,,,2,0,2,7,7,1,https://mailchi.mp/sante.gouv.cd/ebola_kivu_22mar19
2019-03-21,2019-03-20,COD,926,65,991,549,614,230,,,,,,11,0,11,4,4,-6,https://mailchi.mp/sante.gouv.cd/ebola_kivu_21mar19
2019-03-20,2019-03-19,COD,915,65,980,545,610,236,,,,,,12,0,12,4,4,2,https://mailchi.mp/sante.gouv.cd/ebola_kivu_20mar19
2019-03-19,2019-03-18,COD,903,65,968,541,606,234,,,,,,8,0,8,3,3,62,https://mailchi.mp/sante.gouv.cd/ebola_kivu_19mar19
2019-03-18,2019-03-17,COD,895,65,960,538,603,172,,,,,,9,0,9,5,5,-59,https://mailchi.mp/sante.gouv.cd/ebola_kivu_18mar19
2019-03-17,2019-03-16,COD,886,65,951,533,598,231,,,,,,8,0,8,4,4,-6,https://mailchi.mp/sante.gouv.cd/ebola_kivu_17mar19
2019-03-16,2019-03-15,COD,878,65,943,529,594,237,,,,,,7,0,7,3,3,-3,https://mailchi.mp/sante.gouv.cd/ebola_kivu_16mar19
2019-03-15,2019-03-14,COD,871,65,936,526,591,240,,,,,,4,0,4,4,4,30,https://mailchi.mp/sante.gouv.cd/ebola_kivu_15mar19
2019-03-14,2019-03-13,COD,867,65,932,522,587,210,,,,,,5,0,5,3,3,17,https://mailchi.mp/sante.gouv.cd/ebola_kivu_14mar19
2019-03-13,2019-03-12,COD,862,65,927,519,584,193,,,,,,2,0,2,0,0,23,https://mailchi.mp/sante.gouv.cd/ebola_kivu_13mar19
2019-03-12,2019-03-11,COD,860,65,925,519,584,170,,,,,,2,0,2,2,2,20,https://mailchi.mp/sante.gouv.cd/ebola_kivu_12mar19
2019-03-11,2019-03-10,COD,858,65,923,517,582,150,,,,,,2,0,2,0,0,-41,https://mailchi.mp/sante.gouv.cd/ebola_kivu_11mar19
2019-03-10,2019-03-09,COD,856,65,921,517,582,191,,,,,,2,0,2,4,4,-60,https://mailchi.mp/sante.gouv.cd/ebola_kivu_10mar19
2019-03-09,2019-03-08,COD,854,65,919,513,578,251,,,,,,1,0,1,0,0,61,https://mailchi.mp/sante.gouv.cd/ebola_kivu_9mar19
2019-03-08,2019-03-07,COD,853,65,918,513,578,190,,,,,,5,0,5,4,4,9,https://mailchi.mp/sante.gouv.cd/ebola_kivu_8mar19
2019-03-07,2019-03-06,COD,848,65,913,509,574,181,,,,,,7,-1,6,6,5,-42,https://mailchi.mp/sante.gouv.cd/ebola_kivu_7mar19
2019-03-06,2019-03-05,COD,841,66,907,503,569,223,,,,,,6,1,7,3,4,25,https://mailchi.mp/sante.gouv.cd/ebola_kivu_6mar19
2019-03-05,2019-03-04,COD,835,65,900,500,565,198,,,,,,3,0,3,2,2,27,https://mailchi.mp/sante.gouv.cd/ebola_kivu_5mar19
2019-03-04,2019-03-03,COD,832,65,897,498,563,171,,,,,,3,0,3,2,2,-11,https://mailchi.mp/sante.gouv.cd/ebola_kivu_4mar19
2019-03-03,2019-03-02,COD,829,65,894,496,561,182,,,,,,4,0,4,2,2,10,https://mailchi.mp/sante.gouv.cd/ebola_kivu_3mar19
2019-03-02,2019-03-01,COD,825,65,890,494,559,172,,,,,,2,0,2,2,2,-2,https://mailchi.mp/sante.gouv.cd/ebola_kivu_2mar19
2019-03-01,2019-02-28,COD,823,65,888,492,557,174,,,,,,3,0,3,2,2,-53,https://mailchi.mp/sante.gouv.cd/ebola_kivu_1mar19
2019-02-28,2019-02-27,COD,820,65,885,490,555,227,,,,,,6,0,6,2,2,-2,https://mailchi.mp/sante.gouv.cd/ebola_kivu_28fev19
2019-02-27,2019-02-26,COD,814,65,879,488,553,229,,,,,,4,0,4,2,2,33,https://mailchi.mp/sante.gouv.cd/ebola_kivu_27fev19
2019-02-26,2019-02-25,COD,810,65,875,486,551,196,,,,,,3,0,3,3,3,20,https://mailchi.mp/sante.gouv.cd/ebola_kivu_26fev19
2019-02-25,2019-02-24,COD,807,65,872,483,548,176,,,,,,3,0,3,2,2,176,https://mailchi.mp/sante.gouv.cd/ebola_kivu_25fev19
2019-02-24,2019-02-23,COD,804,65,869,481,546,0,,,,,,5,0,5,6,6,-219,https://mailchi.mp/sante.gouv.cd/ebola_kivu_24fev19
2019-02-23,2019-02-22,COD,799,65,864,475,540,219,,,,,,5,0,5,4,4,40,https://mailchi.mp/sante.gouv.cd/ebola_kivu_23fev19
2019-02-22,2019-02-21,COD,794,65,859,471,536,179,,,,,,6,0,6,5,5,2,https://mailchi.mp/sante.gouv.cd/ebola_kivu_22fev19
2019-02-21,2019-02-20,COD,788,65,853,466,531,177,,,,,,5,0,5,2,2,-36,https://mailchi.mp/sante.gouv.cd/ebola_kivu_21fev19
2019-02-20,2019-02-19,COD,783,65,848,464,529,213,,,,,,4,0,4,1,1,17,https://mailchi.mp/sante.gouv.cd/ebola_kivu_20fev19
2019-02-19,2019-02-18,COD,779,65,844,463,528,196,,,,,,4,0,4,-9,-9,11,https://mailchi.mp/sante.gouv.cd/ebola_kivu_19fev19
2019-02-18,2019-02-17,COD,775,65,840,472,537,185,,,,,,2,0,2,3,3,50,https://mailchi.mp/sante.gouv.cd/ebola_kivu_18fev19
2019-02-17,2019-02-16,COD,773,65,838,469,534,135,,,,,,1,0,1,1,1,-20,https://mailchi.mp/sante.gouv.cd/ebola_kivu_17fev19
2019-02-16,2019-02-15,COD,772,65,837,468,533,155,,,,,,2,0,2,3,3,-66,https://mailchi.mp/sante.gouv.cd/ebola_kivu_16fev19
2019-02-15,2019-02-14,COD,770,65,835,465,530,221,,,,,,2,4,6,5,9,20,https://mailchi.mp/sante.gouv.cd/ebola_kivu_15fev19
2019-02-14,2019-02-13,COD,768,61,829,460,521,201,,,,,,6,0,6,4,4,24,https://mailchi.mp/sante.gouv.cd/ebola_kivu_14fev19
2019-02-13,2019-02-12,COD,762,61,823,456,517,177,,,,,,4,0,4,1,1,7,https://mailchi.mp/sante.gouv.cd/ebola_kivu_13fev19
2019-02-12,2019-02-11,COD,758,61,819,455,516,170,,,,,,3,0,3,3,3,-8,https://mailchi.mp/sante.gouv.cd/ebola_kivu_12fev19
2019-02-11,2019-02-10,COD,755,61,816,452,513,178,,,,,,5,0,5,3,3,30,https://mailchi.mp/sante.gouv.cd/ebola_kivu_11fev19
2019-02-10,2019-02-09,COD,750,61,811,449,510,148,,,,,,5,0,5,5,5,-42,https://mailchi.mp/sante.gouv.cd/ebola_kivu_10fev19
2019-02-09,2019-02-08,COD,745,61,806,444,505,190,,,,,,6,0,6,3,3,12,https://mailchi.mp/sante.gouv.cd/ebola_kivu_9fev19
2019-02-08,2019-02-07,COD,739,61,800,441,502,178,,,,,,2,7,9,3,10,-11,https://mailchi.mp/sante.gouv.cd/ebola_kivu_8fev19
2019-02-07,2019-02-06,COD,737,54,791,438,492,189,,,,,,2,0,2,4,4,-10,https://mailchi.mp/sante.gouv.cd/ebola_kivu_7fev19
2019-02-06,2019-02-05,COD,735,54,789,434,488,199,,,,,,1,0,1,2,2,8,https://mailchi.mp/sante.gouv.cd/ebola_kivu_6fev19
2019-02-05,2019-02-04,COD,734,54,788,432,486,191,,,,,,3,0,3,2,2,26,https://mailchi.mp/sante.gouv.cd/ebola_kivu_5fev19
2019-02-04,2019-02-03,COD,731,54,785,430,484,165,,,,,,11,0,11,3,3,2,https://mailchi.mp/sante.gouv.cd/ebola_kivu_4fev19
2019-02-03,2019-02-02,COD,720,54,774,427,481,163,,,,,,5,0,5,6,6,-14,https://mailchi.mp/sante.gouv.cd/ebola_kivu_3fev19
2019-02-02,2019-02-01,COD,715,54,769,421,475,177,,,,,,6,0,6,4,4,9,https://mailchi.mp/sante.gouv.cd/ebola_kivu_2fev19
2019-02-01,2019-01-31,COD,709,54,763,417,471,168,,,,,,4,0,4,3,3,-10,https://mailchi.mp/sante.gouv.cd/ebola_kivu_1fev19
2019-01-31,2019-01-30,COD,705,54,759,414,468,178,,,,,,7,0,7,3,3,-9,https://mailchi.mp/sante.gouv.cd/ebola_kivu_31jan19?e=[UNIQID]
2019-01-30,2019-01-29,COD,698,54,752,411,465,187,,,,,,9,0,9,4,4,13,https://mailchi.mp/sante.gouv.cd/ebola_kivu_30jan19
2019-01-29,2019-01-28,COD,689,54,743,407,461,174,,,,,,7,0,7,2,2,13,https://mailchi.mp/sante.gouv.cd/ebola_kivu_29jan19
2019-01-28,2019-01-27,COD,682,54,736,405,459,161,,,,,,3,0,3,0,0,-4,https://mailchi.mp/sante.gouv.cd/ebola_kivu_28jan19
2019-01-27,2019-01-26,COD,679,54,733,405,459,165,,,,,,4,5,9,3,8,-74,https://mailchi.mp/sante.gouv.cd/ebola_kivu_27jan19
2019-01-26,2019-01-25,COD,675,49,724,402,451,239,,,,,,3,0,3,5,5,35,https://mailchi.mp/sante.gouv.cd/ebola_kivu_26jan19
2019-01-25,2019-01-24,COD,672,49,721,397,446,204,,,,,,6,0,6,3,3,-32,https://mailchi.mp/sante.gouv.cd/ebola_kivu_25jan19
2019-01-24,2019-01-23,COD,666,49,715,394,443,236,,,,,,2,0,2,4,4,33,https://mailchi.mp/sante.gouv.cd/ebola_kivu_24jan19
2019-01-23,2019-01-22,COD,664,49,713,390,439,203,,,,,,14,0,14,6,6,-49,https://mailchi.mp/sante.gouv.cd/ebola_kivu_23jan19
2019-01-22,2019-01-21,COD,650,49,699,384,433,252,,,,,,10,0,10,11,11,111,https://mailchi.mp/sante.gouv.cd/ebola_kivu_22jan19
2019-01-21,2019-01-20,COD,640,49,689,373,422,141,,,,,,4,0,4,3,3,-50,https://mailchi.mp/sante.gouv.cd/ebola_kivu_21jan19
2019-01-20,2019-01-19,COD,636,49,685,370,419,191,,,,,,0,0,0,3,3,49,https://mailchi.mp/sante.gouv.cd/ebola_kivu_20jan19
2019-01-19,2019-01-18,COD,636,49,685,367,416,142,,,,,,5,0,5,2,2,-67,https://mailchi.mp/sante.gouv.cd/ebola_kivu_17jan19
2019-01-18,2019-01-17,COD,631,49,680,365,414,209,,,,,,12,0,12,4,4,73,https://mailchi.mp/sante.gouv.cd/ebola_kivu_17jan19
2019-01-17,2019-01-16,COD,619,49,668,361,410,136,,,,,,5,0,5,3,3,13,https://mailchi.mp/sante.gouv.cd/ebola_kivu_17jan19
2019-01-16,2019-01-15,COD,614,49,663,358,407,123,,,,,,5,0,5,5,5,-77,https://mailchi.mp/sante.gouv.cd/ebola_kivu_16jan19
2019-01-15,2019-01-14,COD,609,49,658,353,402,200,,,,,,9,0,9,6,6,79,https://mailchi.mp/sante.gouv.cd/ebola_kivu_15jan19
2019-01-14,2019-01-13,COD,600,49,649,347,396,121,,,,,,5,0,5,4,4,5,https://mailchi.mp/sante.gouv.cd/ebola_kivu_14jan19
2019-01-13,2019-01-12,COD,595,49,644,343,392,116,,,,,,9,1,10,5,6,-5,https://mailchi.mp/sante.gouv.cd/ebola_kivu_13jan19
2019-01-12,2019-01-11,COD,586,48,634,338,386,121,,,,,,2,0,2,0,0,63,https://mailchi.mp/sante.gouv.cd/ebola_kivu_12jan19
2019-01-11,2019-01-10,COD,584,48,632,338,386,58,,,,,,2,0,2,1,1,-64,https://mailchi.mp/sante.gouv.cd/ebola_kivu_11jan19
2019-01-10,2019-01-09,COD,582,48,630,337,385,122,,,,,,2,0,2,2,2,122,https://mailchi.mp/sante.gouv.cd/ebola_kivu_10jan19
2019-01-09,2019-01-08,COD,580,48,628,335,383,0,,,,,,1,0,1,1,1,-98,https://mailchi.mp/sante.gouv.cd/ebola_kivu_9jan19
2019-01-08,2019-01-07,COD,579,48,627,334,382,98,,,,,,2,0,2,5,5,-3,https://mailchi.mp/sante.gouv.cd/ebola_kivu_8jan19
2019-01-07,2019-01-06,COD,577,48,625,329,377,101,,,,,,2,0,2,3,3,-21,https://mailchi.mp/sante.gouv.cd/ebola_kivu_7jan19
2019-01-06,2019-01-05,COD,575,48,623,326,374,122,,,,,,9,0,9,0,0,-5,https://mailchi.mp/sante.gouv.cd/ebola_kivu_6jan19
2019-01-05,2019-01-04,COD,566,48,614,326,374,127,,,,,,1,0,1,3,3,5,https://mailchi.mp/sante.gouv.cd/ebola_kivu_5jan19
2019-01-04,2019-01-03,COD,565,48,613,323,371,122,,,,,,4,0,4,1,1,82,https://mailchi.mp/sante.gouv.cd/ebola_kivu_4jan19
2019-01-03,2019-01-02,COD,561,48,609,322,370,40,,,,,,1,0,1,2,2,11,https://mailchi.mp/sante.gouv.cd/ebola_kivu_3jan19
2019-01-02,2019-01-01,COD,560,48,608,320,368,29,,,,,,6,0,6,2,2,-25,https://mailchi.mp/sante.gouv.cd/ebola_kivu_2jan19
2019-01-01,2018-12-31,COD,554,48,602,318,366,54,,,,,,4,0,4,3,3,7,https://mailchi.mp/sante.gouv.cd/ebola_kivu_1jan19
2018-12-31,2018-12-30,COD,550,48,598,315,363,47,,,,,,2,0,2,2,2,39,https://mailchi.mp/sante.gouv.cd/ebola_kivu_31dec
2018-12-30,2018-12-29,COD,548,48,596,313,361,8,,,,,,3,0,3,1,1,-13,https://mailchi.mp/sante.gouv.cd/ebola_kivu_30dec
2018-12-29,2018-12-28,COD,545,48,593,312,360,21,,,,,,0,0,0,1,1,-45,https://mailchi.mp/sante.gouv.cd/ebola_kivu_29dec
2018-12-28,2018-12-27,COD,545,48,593,311,359,66,,,,,,2,0,2,2,2,54,https://mailchi.mp/sante.gouv.cd/ebola_kivu_28dec
2018-12-27,2018-12-26,COD,543,48,591,309,357,12,,,,,,6,0,6,1,1,-62,https://mailchi.mp/sante.gouv.cd/ebola_kivu_27dec
2018-12-26,2018-12-25,COD,537,48,585,308,356,74,,,,,,2,0,2,2,2,-48,https://mailchi.mp/sante.gouv.cd/ebola_kivu_26dec
2018-12-25,2018-12-24,COD,535,48,583,306,354,122,,,,,,4,0,4,2,2,-91,https://mailchi.mp/sante.gouv.cd/ebola_kivu_25dec
2018-12-24,2018-12-23,COD,531,48,579,304,352,213,,,,,,5,0,5,5,5,52,https://mailchi.mp/sante.gouv.cd/ebola_kivu_24dec
2018-12-23,2018-12-22,COD,526,48,574,299,347,161,,,,,,7,0,7,0,0,48,https://mailchi.mp/sante.gouv.cd/ebola_kivu_23dec
2018-12-22,2018-12-21,COD,519,48,567,299,347,113,,,,,,4,0,4,4,4,32,https://mailchi.mp/sante.gouv.cd/ebola_kivu_22dec
2018-12-21,2018-12-20,COD,515,48,563,295,343,81,,,,,,3,0,3,7,7,-6,https://mailchi.mp/sante.gouv.cd/ebola_kivu_21dec
2018-12-20,2018-12-19,COD,512,48,560,288,336,87,,,,,,11,0,11,10,10,5,https://mailchi.mp/sante.gouv.cd/ebola_kivu_20dec
2018-12-19,2018-12-18,COD,501,48,549,278,326,82,,,,,,7,0,7,7,7,-14,https://mailchi.mp/sante.gouv.cd/ebola_kivu_19dec
2018-12-18,2018-12-17,COD,494,48,542,271,319,96,,,,,,3,0,3,4,4,21,https://mailchi.mp/sante.gouv.cd/ebola_kivu_18dec
2018-12-17,2018-12-16,COD,491,48,539,267,315,75,,,,,,8,0,8,2,2,-11,https://mailchi.mp/sante.gouv.cd/ebola_kivu_17dec
2018-12-16,2018-12-15,COD,483,48,531,265,313,86,,,,,,2,0,2,2,2,-10,https://mailchi.mp/sante.gouv.cd/ebola_kivu_16dec
2018-12-15,2018-12-14,COD,481,48,529,263,311,96,,,,,,8,0,8,5,5,-1,https://mailchi.mp/sante.gouv.cd/ebola_kivu_15dec
2018-12-14,2018-12-13,COD,473,48,521,258,306,97,,,,,,6,0,6,3,3,1,https://mailchi.mp/sante.gouv.cd/ebola_kivu_14dec
2018-12-13,2018-12-12,COD,467,48,515,255,303,96,,,,,,10,0,10,5,5,-4,https://mailchi.mp/sante.gouv.cd/ebola_kivu_13dec
2018-12-12,2018-12-11,COD,457,48,505,250,298,100,9,,,,,5,0,5,9,9,20,https://mailchi.mp/sante.gouv.cd/ebola_kivu_12dec
2018-12-11,2018-12-10,COD,452,48,500,241,289,80,4,,,,,2,0,2,4,4,7,https://mailchi.mp/sante.gouv.cd/ebola_kivu_11dec
2018-12-10,2018-12-09,COD,450,48,498,237,285,73,2,,,,,4,0,4,2,2,4,https://mailchi.mp/sante.gouv.cd/ebola_kivu_10dec
2018-12-09,2018-12-08,COD,446,48,494,235,283,69,3,,,,,5,0,5,3,3,-20,https://mailchi.mp/sante.gouv.cd/ebola_kivu_9dec
2018-12-08,2018-12-07,COD,441,48,489,232,280,89,4,,,,,12,0,12,5,5,-5,https://mailchi.mp/sante.gouv.cd/ebola_kivu_8dec
2018-12-07,2018-12-06,COD,429,48,477,227,275,94,2,,,,,6,0,6,2,2,-12,https://mailchi.mp/sante.gouv.cd/ebola_kivu_7dec
2018-12-06,2018-12-05,COD,423,48,471,225,273,106,2,,,,,13,0,13,2,2,12,https://mailchi.mp/sante.gouv.cd/ebola_kivu_6dec
2018-12-05,2018-12-04,COD,410,48,458,223,271,94,3,,,,,5,0,5,3,3,23,https://mailchi.mp/sante.gouv.cd/ebola_kivu_5dec
2018-12-04,2018-12-03,COD,405,48,453,220,268,71,8,,,,,9,0,9,8,8,-1,https://mailchi.mp/sante.gouv.cd/ebola_kivu_4dec
2018-12-03,2018-12-02,COD,396,48,444,212,260,72,5,,,,,4,0,4,5,5,-25,https://mailchi.mp/sante.gouv.cd/ebola_kivu_3dec
2018-12-02,2018-12-01,COD,392,48,440,207,255,97,3,,,,,6,0,6,3,3,14,https://mailchi.mp/sante.gouv.cd/ebola_kivu_2dec
2018-12-01,2018-11-30,COD,386,48,434,204,252,83,4,,,,,6,0,6,4,4,17,https://mailchi.mp/sante.gouv.cd/ebola_kivu_1dec
2018-11-30,2018-11-29,COD,380,48,428,200,248,66,2,,,,,1,1,2,2,3,-21,https://mailchi.mp/sante.gouv.cd/ebola_kivu_30nov
2018-11-29,2018-11-28,COD,379,47,426,198,245,87,3,,,,,4,0,4,3,3,13,https://mailchi.mp/sante.gouv.cd/ebola_kivu_29nov
2018-11-28,2018-11-27,COD,375,47,422,195,242,74,1,,,,,1,0,1,1,1,0,https://mailchi.mp/sante.gouv.cd/ebola_kivu_28nov
2018-11-27,2018-11-26,COD,374,47,421,194,241,74,1,,,,,2,0,2,1,1,15,https://mailchi.mp/sante.gouv.cd/ebola_kivu_27nov
2018-11-26,2018-11-25,COD,372,47,419,193,240,59,4,,,,,7,0,7,4,4,-16,https://mailchi.mp/sante.gouv.cd/ebola_kivu_26nov
2018-11-25,2018-11-24,COD,365,47,412,189,236,75,5,,,,,9,0,9,5,5,19,https://mailchi.mp/sante.gouv.cd/ebola_kivu_25nov
2018-11-24,2018-11-23,COD,356,47,403,184,231,56,3,,,,,4,0,4,3,3,-35,https://mailchi.mp/sante.gouv.cd/ebola_kivu_24nov
2018-11-23,2018-11-22,COD,352,47,399,181,228,91,6,,,,,6,0,6,6,6,18,https://mailchi.mp/sante.gouv.cd/ebola_kivu_23nov
2018-11-22,2018-11-21,COD,346,47,393,175,222,73,3,,,,,7,0,7,3,3,25,https://mailchi.mp/sante.gouv.cd/ebola_kivu_22nov
2018-11-21,2018-11-20,COD,339,47,386,172,219,48,2,,,,,13,0,13,2,2,-23,https://mailchi.mp/sante.gouv.cd/ebola_kivu_21nov
2018-11-20,2018-11-19,COD,326,47,373,170,217,71,1,,,,,0,0,0,1,1,-1,https://mailchi.mp/sante.gouv.cd/ebola_kivu_20nov
2018-11-19,2018-11-18,COD,326,47,373,169,216,72,2,,,,,7,0,7,2,2,6,https://mailchi.mp/sante.gouv.cd/ebola_kivu_19nov
2018-11-18,2018-11-17,COD,319,47,366,167,214,66,1,,,,,8,0,8,1,1,9,https://mailchi.mp/sante.gouv.cd/ebola_kivu_18nov
2018-11-17,2018-11-16,COD,311,47,358,166,213,57,3,,,,,6,0,6,3,3,-33,https://mailchi.mp/sante.gouv.cd/ebola_kivu_17nov
2018-11-16,2018-11-15,COD,305,47,352,163,210,90,1,,,,,1,7,8,1,8,45,https://mailchi.mp/sante.gouv.cd/ebola_kivu_16nov
2018-11-15,2018-11-14,COD,304,40,344,162,202,45,1,,,,,1,2,3,-15,-13,-5,https://mailchi.mp/sante.gouv.cd/ebola_kivu_15nov
2018-11-14,2018-11-13,COD,303,38,341,177,215,50,3,,,,,2,0,2,6,215,7,https://mailchi.mp/sante.gouv.cd/ebola_kivu_14nov
2018-11-13,2018-11-12,COD,301,38,339,171,,43,,,,,,6,0,6,0,,-6,https://mailchi.mp/sante.gouv.cd/ebola_kivu_13nov
2018-11-12,2018-11-11,COD,295,38,333,171,209,49,1,,,,,1,3,4,1,4,11,https://mailchi.mp/sante.gouv.cd/ebola_kivu_12nov
2018-11-11,2018-11-10,COD,294,35,329,170,205,38,4,,,,,3,0,3,4,4,-9,https://mailchi.mp/sante.gouv.cd/ebola_kivu_11nov
2018-11-10,2018-11-09,COD,291,35,326,166,201,47,3,1,98,,,7,0,7,3,3,-5,https://mailchi.mp/sante.gouv.cd/ebola_kivu_10nov
2018-11-09,2018-11-08,COD,284,35,319,163,198,52,7,6,97,,,7,0,7,7,7,12,https://mailchi.mp/sante.gouv.cd/ebola_kivu_9nov
2018-11-08,2018-11-07,COD,277,35,312,156,191,40,0,0,91,,,4,0,4,0,0,1,https://mailchi.mp/sante.gouv.cd/ebola_kivu_8nov
2018-11-07,2018-11-06,COD,273,35,308,156,191,39,2,3,91,,,3,0,3,2,2,-21,https://mailchi.mp/sante.gouv.cd/ebola_kivu_7nov
2018-11-06,2018-11-05,COD,270,35,305,154,189,60,3,0,88,,,5,0,5,3,3,19,https://mailchi.mp/sante.gouv.cd/ebola_kivu_6nov
2018-11-05,2018-11-04,COD,265,35,300,151,186,41,0,7,88,,,2,0,2,0,0,-5,https://mailchi.mp/sante.gouv.cd/ebola_kivu_5nov
2018-11-04,2018-11-03,COD,263,35,298,151,186,46,4,0,81,,,5,0,5,4,4,-4,https://mailchi.mp/sante.gouv.cd/ebola_kivu_4nov
2018-11-03,2018-11-02,COD,258,35,293,147,182,50,1,0,81,,,6,0,6,1,1,11,https://mailchi.mp/sante.gouv.cd/ebola_kivu_3nov
2018-11-02,2018-11-01,COD,252,35,287,146,181,39,1,0,81,39,0,2,0,2,1,1,-2,https://mailchi.mp/sante.gouv.cd/ebola_kivu_2nov
2018-11-01,2018-10-31,COD,250,35,285,145,180,41,1,0,81,41,0,6,0,6,1,1,-10,https://mailchi.mp/sante.gouv.cd/ebola_kivu_1nov
2018-10-31,2018-10-30,COD,244,35,279,144,179,51,4,7,81,51,0,3,0,3,4,4,-14,https://mailchi.mp/sante.gouv.cd/ebola_kivu_31oct
2018-10-30,2018-10-29,COD,241,35,276,140,175,65,1,1,74,65,0,2,0,2,1,1,33,https://mailchi.mp/sante.gouv.cd/ebola_kivu_30oct
2018-10-29,2018-10-28,COD,239,35,274,139,174,32,4,3,73,32,0,7,0,7,4,4,-11,https://mailchi.mp/sante.gouv.cd/ebola_kivu_29oct
2018-10-28,2018-10-27,COD,232,35,267,135,170,43,2,0,70,43,0,1,0,1,2,2,1,https://mailchi.mp/sante.gouv.cd/ebola_kivu_28oct
2018-10-27,2018-10-26,COD,231,35,266,133,168,42,4,3,70,42,0,9,0,9,4,4,-5,https://mailchi.mp/sante.gouv.cd/ebola_kivu_27oct
2018-10-26,2018-10-25,COD,222,35,257,129,164,47,2,0,67,47,0,6,0,6,2,2,1,https://mailchi.mp/sante.gouv.cd/ebola_kivu_26oct
2018-10-25,2018-10-24,COD,216,35,251,127,162,46,3,2,67,46,0,4,0,4,3,3,-2,https://mailchi.mp/sante.gouv.cd/ebola_kivu_25oct
2018-10-24,2018-10-23,COD,212,35,247,124,159,48,2,2,65,48,0,3,0,3,2,2,11,https://mailchi.mp/sante.gouv.cd/ebola_kivu_24oct
2018-10-23,2018-10-22,COD,209,35,244,122,157,37,2,0,63,37,0,6,0,6,2,2,23,https://mailchi.mp/sante.gouv.cd/ebola_kivu_23oct
2018-10-22,2018-10-21,COD,203,35,238,120,155,14,2,0,63,14,0,1,0,1,2,2,-19,https://mailchi.mp/sante.gouv.cd/ebola_kivu_22oct
2018-10-21,2018-10-20,COD,202,35,237,118,153,33,1,2,63,33,0,2,0,2,1,1,-7,https://mailchi.mp/sante.gouv.cd/ebola_kivu_21oct-erratum
2018-10-20,2018-10-19,COD,200,35,235,117,152,40,5,3,61,40,0,8,0,8,5,5,0,https://mailchi.mp/sante.gouv.cd/ebola_kivu_20oct
2018-10-19,2018-10-18,COD,192,35,227,112,147,40,3,1,58,40,0,4,0,4,3,3,-6,https://mailchi.mp/sante.gouv.cd/ebola_kivu_19oct
2018-10-18,2018-10-17,COD,188,35,223,109,144,46,2,0,57,46,0,3,0,3,2,2,12,https://mailchi.mp/sante.gouv.cd/ebola_kivu_18oct
2018-10-17,2018-10-16,COD,185,35,220,107,142,34,3,0,57,34,0,4,0,4,3,3,2,https://mailchi.mp/sante.gouv.cd/ebola_kivu_17oct
2018-10-16,2018-10-15,COD,181,35,216,104,139,32,0,2,57,32,0,2,0,2,0,0,7,https://mailchi.mp/sante.gouv.cd/ebola_kivu_16oct
2018-10-15,2018-10-14,COD,179,35,214,104,139,25,4,0,55,25,0,3,0,3,4,4,1,https://mailchi.mp/sante.gouv.cd/ebola_kivu_15oct
2018-10-14,2018-10-13,COD,176,35,211,100,135,24,5,1,55,24,0,4,0,4,5,5,24,https://mailchi.mp/sante.gouv.cd/ebola_kivu_14oct
2018-10-13,2018-10-12,COD,172,35,207,95,130,0,0,0,54,0,0,2,0,2,0,0,-32,https://mailchi.mp/sante.gouv.cd/ebola_kivu_13oct
2018-10-12,2018-10-11,COD,170,35,205,95,130,32,5,1,54,32,0,5,0,5,5,5,6,https://mailchi.mp/sante.gouv.cd/ebola_kivu_12oct
2018-10-11,2018-10-10,COD,165,35,200,90,125,26,3,0,53,26,0,6,0,6,3,3,1,https://mailchi.mp/sante.gouv.cd/ebola_kivu_11oct_erratum
2018-10-10,2018-10-09,COD,159,35,194,87,122,25,4,2,53,25,0,6,0,6,4,4,5,https://mailchi.mp/sante.gouv.cd/ebola_kivu_10oct
2018-10-09,2018-10-08,COD,153,35,188,83,118,20,3,1,51,20,0,7,0,7,3,3,-1,https://mailchi.mp/sante.gouv.cd/ebola_kivu_9oct-erratum
2018-10-08,2018-10-07,COD,146,35,181,80,115,21,2,0,50,21,0,4,0,4,2,2,10,https://mailchi.mp/sante.gouv.cd/ebola_kivu_8oct
2018-10-07,2018-10-06,COD,142,35,177,78,113,11,5,1,50,11,0,2,3,5,2,5,1,https://mailchi.mp/sante.gouv.cd/ebola_kivu_7oct
2018-10-06,2018-10-05,COD,140,32,172,76,108,10,2,1,49,10,0,5,0,5,2,2,-3,https://mailchi.mp/sante.gouv.cd/ebola_kivu_6oct
2018-10-05,2018-10-04,COD,135,32,167,74,106,13,0,1,48,13,0,2,0,2,0,0,-11,https://mailchi.mp/sante.gouv.cd/ebola_kivu_5oct
2018-10-04,2018-10-03,COD,133,32,165,74,106,24,0,1,47,24,0,3,0,3,0,0,7,https://us13.campaign-archive.com/?u=89e5755d2cca4840b1af93176&id=9363c70c25
2018-10-03,2018-10-02,COD,130,32,162,74,106,17,0,1,46,17,0,1,0,1,0,0,-1,https://mailchi.mp/sante.gouv.cd/ebola_kivu_3oct
2018-10-02,2018-10-01,COD,129,32,161,74,106,18,1,0,45,18,0,0,0,0,1,1,9,https://mailchi.mp/sante.gouv.cd/ebola_kivu_2oct
2018-10-01,2018-09-30,COD,129,32,161,73,105,9,1,0,45,9,0,2,0,2,1,1,-4,https://mailchi.mp/sante.gouv.cd/ebola_kivu_1oct
2018-09-30,2018-09-29,COD,127,32,159,72,104,13,2,0,45,13,0,1,1,2,1,2,-10,https://mailchi.mp/sante.gouv.cd/ebola_kivu_30sept
2018-09-29,2018-09-28,COD,126,31,157,71,102,23,0,0,45,23,0,2,0,2,0,0,8,https://mailchi.mp/sante.gouv.cd/ebola_kivu_29sept
2018-09-28,2018-09-27,COD,124,31,155,71,102,15,1,2,45,15,0,1,0,1,1,1,4,https://mailchi.mp/sante.gouv.cd/ebola_kivu_28sept
2018-09-27,2018-09-26,COD,123,31,154,70,101,11,0,2,43,11,0,3,0,3,0,0,-6,https://mailchi.mp/sante.gouv.cd/ebola_kivu_27sept
2018-09-26,2018-09-25,COD,120,31,151,70,101,17,0,0,41,17,0,0,0,0,0,0,6,https://mailchi.mp/fe4b2f287c8d/ebola_kivu_26sept
2018-09-25,2018-09-24,COD,120,31,151,70,101,11,1,0,41,11,0,1,0,1,1,1,2,https://mailchi.mp/13493f87482a/ebola_kivu_25sept
2018-09-24,2018-09-23,COD,119,31,150,69,100,9,0,1,41,9,0,1,0,1,0,0,-3,https://mailchi.mp/efc69f724562/ebola_kivu_24sept
2018-09-23,2018-09-22,COD,118,31,149,69,100,12,1,0,40,12,0,2,0,2,1,1,-1,https://mailchi.mp/ca153def9618/ebola_kivu_23sept
2018-09-22,2018-09-21,COD,116,31,147,68,99,13,0,1,40,13,0,0,0,0,0,0,2,https://mailchi.mp/9de66c89895d/ebola_kivu_22sept
2018-09-21,2018-09-20,COD,116,31,147,68,99,11,2,0,39,11,0,4,0,4,2,2,4,https://mailchi.mp/4bc95ae1768f/ebola_kivu_21sept
2018-09-20,2018-09-19,COD,112,31,143,66,97,7,0,1,39,7,0,1,0,1,0,0,-2,https://mailchi.mp/38deffc31ebf/ebola_kivu_20sept
2018-09-19,2018-09-18,COD,111,31,142,66,97,9,0,0,38,9,0,0,0,0,0,0,3,https://mailchi.mp/695bb330c6a4/ebola_kivu_19sept
2018-09-18,2018-09-17,COD,111,31,142,66,97,6,0,0,38,5,1,0,0,0,0,0,-1,https://mailchi.mp/eec05154b8e8/ebola_kivu_18sept
2018-09-17,2018-09-16,COD,111,31,142,66,97,7,0,0,38,7,0,0,0,0,0,0,3,https://mailchi.mp/822fafac8a55/ebola_kivu_17sept
2018-09-16,2018-09-15,COD,111,31,142,66,97,4,2,1,38,4,0,2,0,2,2,2,-1,https://mailchi.mp/b9f8278091fc/ebola_kivu_16sept
2018-09-15,2018-09-14,COD,109,31,140,64,95,5,1,0,37,5,0,0,0,0,1,1,-8,https://mailchi.mp/2e6744c50cf5/ebola_kivu_15sept
2018-09-14,2018-09-13,COD,109,31,140,63,94,13,2,0,37,13,0,3,0,3,2,2,-4,https://mailchi.mp/820051e5d093/ebola_kivu_14sept
2018-09-13,2018-09-12,COD,106,31,137,61,92,17,0,0,37,17,0,4,0,4,0,0,-2,https://mailchi.mp/c58e80fafe6f/ebola_kivu_13sept
2018-09-12,2018-09-11,COD,102,31,133,61,92,19,0,0,37,16,3,1,0,1,0,0,10,https://mailchi.mp/1644c6a622ef/ebola_kivu_12sept
2018-09-11,2018-09-10,COD,101,31,132,61,92,9,1,1,37,7,2,0,0,0,1,1,0,https://mailchi.mp/ff1463ead572/ebola_kivu_11sept
2018-09-10,2018-09-09,COD,101,31,132,60,91,9,1,1,36,3,6,1,0,1,1,1,-11,https://mailchi.mp/196210a9e992/ebola_kivu_10sept
2018-09-09,2018-09-08,COD,100,31,131,59,90,20,0,0,35,12,8,0,0,0,0,0,6,https://mailchi.mp/363955d77983/ebola_kivu_9sept
2018-09-08,2018-09-07,COD,100,31,131,59,90,14,1,2,35,14,0,2,0,2,1,1,5,https://mailchi.mp/b0c4027473ad/ebola_kivu_8sept
2018-09-07,2018-09-06,COD,98,31,129,58,89,9,0,1,33,9,0,0,0,0,0,0,2,https://mailchi.mp/d8019cbd3724/ebola_kivu_7sept
2018-09-06,2018-09-05,COD,98,31,129,58,89,7,2,,,7,0,2,0,2,2,2,3,https://us13.campaign-archive.com/?u=89e5755d2cca4840b1af93176&id=540896bcd7
2018-09-05,2018-09-04,COD,96,31,127,56,87,4,2,,,4,0,3,0,3,2,2,-12,https://mailchi.mp/534570505aa4/ebola_kivu_5sept-erratum
2018-09-04,2018-09-03,COD,93,31,124,54,85,16,4,,,9,7,2,1,3,3,4,2,https://mailchi.mp/b54b63c3f920/ebola_kivu_4sept
2018-09-03,2018-09-02,COD,91,30,121,51,81,14,1,,,6,8,1,0,1,1,1,2,https://mailchi.mp/f0e9bc8d9e2e/ebola_kivu_3sept
2018-09-02,2018-09-01,COD,90,30,120,50,80,12,2,,,8,4,0,0,0,2,2,1,https://mailchi.mp/fe4fb528194b/ebola_kivu_2sept
2018-09-01,2018-08-31,COD,90,30,120,48,78,11,1,,,7,4,2,0,2,1,1,-2,https://mailchi.mp/221fb6ed0a42/ebola_kivu_1sept
2018-08-31,2018-08-30,COD,88,30,118,47,77,13,0,,,5,8,2,0,2,0,0,5,https://mailchi.mp/230a80c1c317/ebola_kivu_31aout
2018-08-30,2018-08-29,COD,86,30,116,47,77,8,0,,,8,0,1,0,1,0,0,-2,https://mailchi.mp/1012b27227bc/ebola_kivu_30aout
2018-08-29,2018-08-28,COD,85,30,115,47,77,10,2,,,10,0,1,2,3,0,2,-8,https://mailchi.mp/aa63872541fd/ebola_kivu_29aout
2018-08-28,2018-08-27,COD,84,28,112,47,75,18,0,,,11,7,1,0,1,0,0,8,https://mailchi.mp/49dc88255f69/ebola_kivu_28aout
2018-08-27,2018-08-26,COD,83,28,111,47,75,10,3,,,6,4,0,0,0,3,3,4,https://mailchi.mp/4b1528882fd6/ebola_kivu_27aout
2018-08-26,2018-08-25,COD,83,28,111,44,72,6,2,,,5,1,4,0,4,2,2,0,https://mailchi.mp/9feedcd3907b/ebola_kivu_26aout
2018-08-25,2018-08-24,COD,79,28,107,42,70,6,3,,,5,1,2,0,2,3,3,-4,https://mailchi.mp/c9c7043a5a23/ebola_kivu_25aout
2018-08-24,2018-08-23,COD,77,28,105,39,67,10,4,,,10,0,1,1,2,3,4,-3,https://mailchi.mp/970b172dfebc/ebola_kivu_24aout
2018-08-23,2018-08-22,COD,76,27,103,36,63,13,2,,,6,7,0,0,0,2,2,6,https://mailchi.mp/ad8db275a17f/ebola_kivu_23aout
2018-08-22,2018-08-21,COD,76,27,103,34,61,7,2,,,7,0,1,0,1,2,2,-2,https://mailchi.mp/9abcbef79b2c/ebola_kivu_22aout
2018-08-21,2018-08-20,COD,75,27,102,32,59,9,4,,,9,0,6,0,6,4,4,4,https://mailchi.mp/58d0398606a4/ebola_kivu_21aout
2018-08-20,2018-08-19,COD,69,27,96,28,55,5,5,,,5,0,5,0,5,5,5,-7,https://mailchi.mp/bad94a83ea28/ebola_kivu_20aout
2018-08-19,2018-08-18,COD,64,27,91,23,50,12,1,,,8,4,1,0,1,1,1,-13,https://mailchi.mp/231176da338d/ebola_kivu_19aout
2018-08-18,2018-08-17,COD,63,27,90,22,49,25,2,,,9,16,3,0,3,2,2,4,https://mailchi.mp/758eb254afd1/ebola_kivu_18aout
2018-08-17,2018-08-16,COD,60,27,87,20,47,21,4,,,8,13,9,0,9,3,3,-3,https://mailchi.mp/74a121fdd538/ebola_kivu_17aout
2018-08-16,2018-08-15,COD,51,27,78,17,44,24,2,,,9,15,5,0,5,1,1,-16,https://mailchi.mp/2d5b7a2d510a/ebola_kivu_16aout
2018-08-15,2018-08-14,COD,46,27,73,16,43,40,1,,,14,26,7,0,7,1,1,4,https://mailchi.mp/96767bcd0575/ebola_kivu_15aout
2018-08-14,2018-08-13,COD,39,27,66,15,42,36,1,,,8,28,9,0,9,1,1,-22,https://mailchi.mp/37b7545e3544/ebola_kivu_14aout
2018-08-13,2018-08-12,COD,30,27,57,14,41,58,2,,,12,46,5,0,5,2,2,10,https://mailchi.mp/de936e52fb17/ebola_kivu_13aout
2018-08-12,2018-08-11,COD,25,27,52,12,39,48,1,,,11,37,3,0,3,1,1,-5,https://mailchi.mp/5740eb659e90/ebola_kivu_12aout
2018-08-11,2018-08-10,COD,22,27,49,11,38,53,0,,,8,45,1,0,1,0,0,2,https://mailchi.mp/17136ac871cd/ebola_kivu_11aout
2018-08-10,2018-08-09,COD,21,27,48,11,38,51,2,,,8,43,4,0,4,1,1,-3,https://mailchi.mp/68ac0a236b26/ebola_kivu_10aout
2018-08-09,2018-08-08,COD,17,27,44,10,37,54,1,,,12,42,0,0,0,1,1,7,https://mailchi.mp/4cc2513a9f7d/ebola_kivu_9aout
2018-08-08,2018-08-07,COD,17,27,44,9,36,47,0,,,10,37,1,0,1,0,0,1,https://mailchi.mp/80a23d454958/ebola_kivu_8aout
2018-08-07,2018-08-06,COD,16,27,43,9,36,46,2,,,17,29,0,0,0,2,2,15,https://mailchi.mp/526091c2d161/ebola_kivu_7aout
2018-08-06,2018-08-05,COD,16,27,43,7,34,31,4,,,21,10,16,27,43,7,34,31,https://mailchi.mp/70213f4262fb/ebola_kivu_6aout
2018-08-04,2018-08-03,COD,13,30,43,3,33,33,,,,,,13,30,43,3,33,33,https://mailchi.mp/8bfa0c09fe7b/ebola_kivu_4aout